ID,LUCODES_IDENTIFIER,CODE_TYPE,CODE_NAME,ABBREVIATION,DESCRIPTION,SORT_ORDER,R_SEG,CY
1,2989912.0,RESOURCE_TYPE,"Crew, Camp",CRC,"Crew, Camp",35.0,,2016.0
2,2989913.0,SIT209_REPORT_RESOURCE_GROUP,CREWS-AUTOSIT,,CREWS-AUTOSIT,11.0,,2016.0
3,2989914.0,FIRE_MGMT_COMPLEXITY_TYPE,Type 5 Incident,,Typically one or two resources and up to six personnel assigned.,10.0,,2016.0
4,2989915.0,FIRE_MGMT_COMPLEXITY_TYPE,Type 4 Incident,,Several resources required.  Control typically achieved in one operational period.,20.0,,2016.0
5,2989916.0,FIRE_MGMT_COMPLEXITY_TYPE,Type 3 Incident,,Incident may extend into several operational periods. A Type 3 Team may be assigned.  A significant number of resources may be assigned.,30.0,,2016.0
6,2989917.0,FIRE_MGMT_COMPLEXITY_TYPE,Type 2 Incident,,Exceeds the local control capability.  May require non-local resources to manage incident.  Most Command and General Staff positions are filled.  A written IAP is required.  Operations personnel usually do not exceed 200 per operational period.,40.0,,2016.0
7,2989918.0,FIRE_MGMT_COMPLEXITY_TYPE,Type 1 Incident,,"Highest complexity incident, requiring national resources to manage incident.  All Command and General Staff positions activated.  Operations personnel exceeds 500 per operational period.  High impact to local jurisdiction.",50.0,,2016.0
8,2989919.0,IRWIN_RESOURCE_TYPE,"Crew, Camp",,"Crew, Camp",49.0,,2016.0
9,2989920.0,IRWIN_RESOURCE_TYPE,"Tractor Plow, Type 5",,"Tractor Plow, Type 5",35.0,,2016.0
10,2989921.0,IRWIN_RESOURCE_TYPE,"Tractor Plow, Type 6",,"Tractor Plow, Type 6",36.0,,2016.0
11,2989922.0,RESOURCE_TYPE,"Tractor Plow, Type 5",TPL5,"Tractor Plow, Type 5",310.0,,2016.0
12,2989923.0,RESOURCE_TYPE,"Tractor Plow, Type 6",TPL6,"Tractor Plow, Type 6",320.0,,2016.0
13,2989924.0,NORTH_AMERICAN_TIME_ZONE,Canada/Atlantic,AST/ADT,Canada/Atlantic (AST/ADT),12.0,,2016.0
14,2989925.0,NORTH_AMERICAN_TIME_ZONE,Canada/Eastern,EST/EDT,Canada/Eastern (EST/EDT),13.0,,2016.0
15,2989926.0,NORTH_AMERICAN_TIME_ZONE,Canada/Central,CST/CDT,Canada/Central (CST/CDT),14.0,,2016.0
16,2989927.0,MATERIAL_INVOLVEMENT_TYPE,Short Grass (1 foot),SG,,1.0,,2016.0
17,2989928.0,MATERIAL_INVOLVEMENT_TYPE,Timber (Grass and Understory),T/GU,,2.0,,2016.0
18,2989929.0,MATERIAL_INVOLVEMENT_TYPE,Tall Grass (2.5 feet),TG,,3.0,,2016.0
19,2989930.0,MATERIAL_INVOLVEMENT_TYPE,Chaparral (6 feet),CH,,4.0,,2016.0
20,2989931.0,MATERIAL_INVOLVEMENT_TYPE,Brush (2 feet),BR,,5.0,,2016.0
21,2989932.0,MATERIAL_INVOLVEMENT_TYPE,"Dormant Brush, Hardwood Slash",DB/HS,,6.0,,2016.0
22,2989933.0,MATERIAL_INVOLVEMENT_TYPE,Southern Rough,SR,,7.0,,2016.0
23,2989934.0,MATERIAL_INVOLVEMENT_TYPE,Closed Timber Litter,CTL,,8.0,,2016.0
24,2989935.0,MATERIAL_INVOLVEMENT_TYPE,Hardwood Litter,HL,,9.0,,2016.0
25,2989936.0,MATERIAL_INVOLVEMENT_TYPE,Timber (Litter and Understory),T/LU,,10.0,,2016.0
26,2989937.0,MATERIAL_INVOLVEMENT_TYPE,Light Logging Slash,LLS,,11.0,,2016.0
27,2989938.0,MATERIAL_INVOLVEMENT_TYPE,Medium Logging Slash,MLS,,12.0,,2016.0
28,2989939.0,MATERIAL_INVOLVEMENT_TYPE,Heavy Logging Slash,HLS,,13.0,,2016.0
29,2989940.0,INCIDENT_SIZE_UOM,Acres,ACRES,,1.0,,2016.0
30,2989941.0,INCIDENT_SIZE_UOM,Hectares,HECTARES,,2.0,,2016.0
31,2989942.0,INCIDENT_SIZE_UOM,Square Kilometers,SQ KM,,3.0,,2016.0
32,2989943.0,INCIDENT_SIZE_UOM,Square Miles,SQ MILES,,4.0,,2016.0
33,2989944.0,INCIDENT_SIZE_UOM,City Blocks,CB,,5.0,,2016.0
34,2989945.0,INCIDENT_SIZE_UOM,Multiple City Blocks,MCB,,6.0,,2016.0
35,2989946.0,NORTH_AMERICAN_TIME_ZONE,US/Eastern,EST/EDT,US/Eastern (EST/EDT),1.0,,2016.0
36,2989947.0,NORTH_AMERICAN_TIME_ZONE,Canada/Saskatchewan,CST,Canada/Saskatchewan (CST),16.0,,2016.0
37,2989948.0,NORTH_AMERICAN_TIME_ZONE,Canada/Mountain,MST/MDT,Canada/Mountain (MST/MDT),17.0,,2016.0
38,2989949.0,NORTH_AMERICAN_TIME_ZONE,Canada/Pacific,PST/PDT,Canada/Pacific (PST/PDT),18.0,,2016.0
39,2989950.0,NORTH_AMERICAN_TIME_ZONE,Canada/Yukon,PST/PDT,Canada/Yukon (PST/PDT),19.0,,2016.0
40,2989951.0,NORTH_AMERICAN_TIME_ZONE,Mexico/General,CST/CDT,Mexico/General (CST/CDT),20.0,,2016.0
41,2989952.0,NORTH_AMERICAN_TIME_ZONE,Mexico/BajaSur,MST/MDT,Mexico/BajaSur (MST/MDT),21.0,,2016.0
42,2989953.0,NORTH_AMERICAN_TIME_ZONE,Mexico/BajaNorte,PST/PDT,Mexico/BajaNorte (PST/PDT),22.0,,2016.0
43,2989954.0,IRWIN_RESOURCE_KIND,Aircraft,,Aircraft,1.0,,2016.0
44,2989955.0,CONTAINED_COMPLETE_UOM,Percent,PCT,,1.0,,2016.0
45,2989956.0,CONTAINED_COMPLETE_UOM,PA,MMA,,2.0,,2016.0
46,2989957.0,RESOURCE_TYPE,Air Supply Truck,ASTR,Air Supply Truck,1010.0,,2016.0
47,2989958.0,IRWIN_RESOURCE_KIND,Equipment,,Equipment,2.0,,2016.0
48,2989959.0,IRWIN_RESOURCE_KIND,Crews,,Crews,3.0,,2016.0
49,2989960.0,IRWIN_RESOURCE_KIND,Overhead,,Overhead,4.0,,2016.0
50,2989961.0,IRWIN_RESOURCE_CATEGORY,Airtanker,,Airtanker,1.0,,2016.0
51,2989962.0,RESOURCE_TYPE,Hazardous Materials Unit,HAZU,Hazardous Materials Unit,1130.0,,2016.0
52,2989963.0,RESOURCE_TYPE,"Quint, Combination",QUINT,"Quint, Combination",1200.0,,2016.0
53,2989964.0,RESOURCE_TYPE,Medic Squad,MSQD,Medic Squad,1170.0,,2016.0
54,2989965.0,IRWIN_RESOURCE_CATEGORY,Boat,,Boat,2.0,,2016.0
55,2989966.0,IRWIN_RESOURCE_CATEGORY,Handcrew,,Handcrew,3.0,,2016.0
56,2989967.0,RESOURCE_TYPE,"Canine, Bomb Squad",K9BS,"Canine, Bomb Squad",1070.0,,2016.0
57,2989968.0,IRWIN_RESOURCE_CATEGORY,Dozer,,Dozer,4.0,,2016.0
58,2989969.0,RESOURCE_TYPE,Technical Rescue Team,TRT,Technical Rescue Team,1240.0,,2016.0
59,2989970.0,RESOURCE_TYPE,Alpine Rescue Team,MSAR,Alpine Rescue Team,1190.0,,2016.0
60,2989971.0,IRWIN_RESOURCE_CATEGORY,Engine,,Engine,5.0,,2016.0
61,2989972.0,IRWIN_RESOURCE_CATEGORY,Fixed Wing,,Fixed Wing,6.0,,2016.0
62,2989973.0,RESOURCE_TYPE,Cave Rescue Team,CRT,Cave Rescue Team,1110.0,,2016.0
63,2989974.0,RESOURCE_TYPE,Mine Rescue Team,MRT,Mine Rescue Team,1180.0,,2016.0
64,2989975.0,RESOURCE_TYPE,Underwater SAR,USRT,Underwater SAR,1280.0,,2016.0
65,2989976.0,IRWIN_RESOURCE_CATEGORY,Helicopter,,Helicopter,7.0,,2016.0
66,2989977.0,IRWIN_RESOURCE_CATEGORY,Heavy,,Heavy,8.0,,2016.0
67,2989978.0,RESOURCE_TYPE,Salvage Unit,SALU,Salvage Unit,1210.0,,2016.0
68,2989979.0,IRWIN_RESOURCE_CATEGORY,Single Resource,,Single Resource,9.0,,2016.0
69,2989980.0,IRWIN_RESOURCE_CATEGORY,Other Equipment,,Other Equipment,10.0,,2016.0
70,2989981.0,IRWIN_RESOURCE_CATEGORY,Watertender,,Watertender,11.0,,2016.0
71,2989982.0,IRWIN_RESOURCE_CATEGORY,Tractor Plow,,Tractor Plow,12.0,,2016.0
72,2989983.0,IRWIN_RESOURCE_TYPE,SEAT,,SEAT,1.0,,2016.0
73,2989984.0,RESOURCE_TYPE,Track Vehicle,TRVH,Track Vehicle,1250.0,,2016.0
74,2989985.0,RESOURCE_TYPE,"Tractor Plow, Type 1",TPL1,"Tractor Plow, Type 1",270.0,,2016.0
75,2989986.0,RESOURCE_TYPE,"Tractor Plow, Type 2",TPL2,"Tractor Plow, Type 2",280.0,,2016.0
76,2989987.0,RESOURCE_TYPE,"Tractor Plow, Type 3",TPL3,"Tractor Plow, Type 3",290.0,,2016.0
77,2989988.0,RESOURCE_TYPE,"Tractor Plow, Type 4",TPL4,"Tractor Plow, Type 4",300.0,,2016.0
78,2989989.0,CASUALTY_ILLNESS_TYPE,Other,OTH,,11.0,,2016.0
79,2989990.0,TIME_DURATION,Hours,HRS,,1.0,,2016.0
80,2989991.0,TIME_DURATION,Days,DAYS,,1.0,,2016.0
81,2989992.0,TIME_DURATION,Months,MONTHS,,2.0,,2016.0
82,2989993.0,TIME_DURATION,Quarters,QTRS,,3.0,,2016.0
83,2989994.0,TIME_DURATION,Years,YRS,,4.0,,2016.0
84,2989995.0,UTM_ZONE,UTM Zone 11,11,Zone Range: 120W - 114W      Central Meridian: 117W,11.0,,2016.0
85,2989996.0,UTM_ZONE,UTM Zone 12,12,Zone Range: 114W - 108W      Central Meridian: 111W,12.0,,2016.0
86,2989997.0,UTM_ZONE,UTM Zone 13,13,Zone Range: 108W - 102W      Central Meridian: 105W,13.0,,2016.0
87,2989998.0,UTM_ZONE,UTM Zone 14,14,Zone Range: 102W -  96W      Central Meridian:  99W,14.0,,2016.0
88,2989999.0,UTM_ZONE,UTM Zone 15,15,Zone Range:  96W -  90W      Central Meridian:  93W,15.0,,2016.0
89,2990000.0,UTM_ZONE,UTM Zone 16,16,Zone Range:  90W -  84W      Central Meridian:  87W,16.0,,2016.0
90,2990001.0,UTM_ZONE,UTM Zone 17,17,Zone Range:  84W -  78W      Central Meridian:  81W,17.0,,2016.0
91,2990308.0,SIT209_REPORT_RESOURCE_GROUP,HELICOPTERS,,HELICOPTERS,20.0,,2016.0
92,2990309.0,SIT209_REPORT_RESOURCE_GROUP,AIRCRAFT,,AIRCRAFT,25.0,,2016.0
93,2990310.0,SIT209_REPORT_RESOURCE_GROUP,ENGINES,,ENGINES,30.0,,2016.0
94,2990311.0,SIT209_REPORT_RESOURCE_GROUP,EQUIPMENT,,EQUIPMENT,35.0,,2016.0
95,2990312.0,SIT209_REPORT_RESOURCE_GROUP,OVERHEAD,,OVERHEAD,40.0,,2016.0
96,2990313.0,GENERAL_FIRE_BEHAVIOR,Extreme,EXT,Extreme,10.0,,2016.0
97,2990314.0,GENERAL_FIRE_BEHAVIOR,Active,ACT,Active,20.0,,2016.0
98,2990315.0,GENERAL_FIRE_BEHAVIOR,Moderate,MOD,Moderate,30.0,,2016.0
99,2990316.0,GENERAL_FIRE_BEHAVIOR,Minimal,MIN,Minimal,40.0,,2016.0
100,2990317.0,FIRE_BEHAVIOR_CHARACTERISTIC,Crowning,,Crowning,10.0,,2016.0
101,2990318.0,FIRE_BEHAVIOR_CHARACTERISTIC,Short Crown Runs,,Short Crown Runs,20.0,,2016.0
102,2990319.0,FIRE_BEHAVIOR_CHARACTERISTIC,Uphill Runs,,Uphill Runs,30.0,,2016.0
103,2990320.0,FIRE_BEHAVIOR_CHARACTERISTIC,Wind Driven Runs,,Wind Driven Runs,40.0,,2016.0
104,2990321.0,FIRE_BEHAVIOR_CHARACTERISTIC,Running,,Running,50.0,,2016.0
105,2990322.0,FIRE_BEHAVIOR_CHARACTERISTIC,Flanking,,Flanking,60.0,,2016.0
106,2990323.0,FIRE_BEHAVIOR_CHARACTERISTIC,Backing,,Backing,70.0,,2016.0
107,2990324.0,FIRE_BEHAVIOR_CHARACTERISTIC,Creeping,,Creeping,80.0,,2016.0
108,2990325.0,FIRE_BEHAVIOR_CHARACTERISTIC,Torching,,Torching,90.0,,2016.0
109,2990326.0,FIRE_BEHAVIOR_CHARACTERISTIC,Group Torching,,Group Torching,100.0,,2016.0
110,2990327.0,FIRE_BEHAVIOR_CHARACTERISTIC,Single Tree Torching,,Single Tree Torching,110.0,,2016.0
111,2990328.0,FIRE_BEHAVIOR_CHARACTERISTIC,Isolated Torching,,Isolated Torching,120.0,,2016.0
112,2990329.0,FIRE_BEHAVIOR_CHARACTERISTIC,Spotting,,Spotting,130.0,,2016.0
113,2990330.0,FIRE_BEHAVIOR_CHARACTERISTIC,Long-range Spotting,,Long-range Spotting,140.0,,2016.0
114,2990331.0,FIRE_BEHAVIOR_CHARACTERISTIC,Short-range Spotting,,Short-range Spotting,150.0,,2016.0
115,2990332.0,FIRE_BEHAVIOR_CHARACTERISTIC,Smoldering,,Smoldering,160.0,,2016.0
116,2990333.0,IRWIN_RESOURCE_TYPE,Mobile Kitchen Unit,,Mobile Kitchen Unit,62.0,,2016.0
117,2990334.0,IRWIN_RESOURCE_TYPE,Mountain SAR Team,,Mountain SAR Team,63.0,,2016.0
118,2990335.0,IRWIN_RESOURCE_TYPE,"Quint, Combination",,"Quint, Combination",64.0,,2016.0
119,2990336.0,IRWIN_RESOURCE_TYPE,Rescue Unit,,Rescue Unit,65.0,,2016.0
120,2990337.0,IRWIN_RESOURCE_TYPE,Rescue/Medical Unit,,Rescue/Medical Unit,66.0,,2016.0
121,2990338.0,IRWIN_RESOURCE_TYPE,Salvage Unit,,Salvage Unit,67.0,,2016.0
122,2990339.0,IRWIN_RESOURCE_TYPE,"Shower, Mobile",,"Shower, Mobile",68.0,,2016.0
123,2990340.0,IRWIN_RESOURCE_TYPE,Technical Rescue Team,,Technical Rescue Team,69.0,,2016.0
124,2990341.0,IRWIN_RESOURCE_TYPE,"Tender, Potable Water",,"Tender, Potable Water",70.0,,2016.0
125,2990342.0,IRWIN_RESOURCE_TYPE,"Transportation, Bus, Coach",,"Transportation, Bus, Coach",71.0,,2016.0
126,2990343.0,IRWIN_RESOURCE_TYPE,"Truck, Hazmat",,"Truck, Hazmat",72.0,,2016.0
127,2990344.0,IRWIN_RESOURCE_TYPE,Underwater Search & Recovery Team,,Underwater Search & Recovery Team,73.0,,2016.0
128,2990345.0,IRWIN_RESOURCE_TYPE,Urban SAR Team,,Urban SAR Team,74.0,,2016.0
129,2990346.0,IRWIN_RESOURCE_TYPE,Water Purification Plant,,Water Purification Plant,75.0,,2016.0
130,2990347.0,IRWIN_RESOURCE_TYPE,Water Rescue Team,,Water Rescue Team,76.0,,2016.0
131,2990348.0,RESOURCE_TYPE,Air Attack,AA,Air Attack,1005.0,,2016.0
132,2990349.0,INCIDENT_TYPE,Complex,CX,,20.0,,2016.0
133,2990002.0,UTM_ZONE,UTM Zone 18,18,Zone Range:  78W -  72W      Central Meridian:  75W,18.0,,2016.0
134,2990003.0,UTM_ZONE,UTM Zone 19,19,Zone Range:  72W -  66W      Central Meridian:  69W,19.0,,2016.0
135,2990004.0,UTM_ZONE,UTM Zone 20,20,Zone Range:  66W -  60W      Central Meridian:  63W,20.0,,2016.0
136,2990005.0,UTM_ZONE,UTM Zone 21,21,Zone Range:  60W -  54W      Central Meridian:  57W,21.0,,2016.0
137,2990006.0,SIT_FSTAT_CATEGORY,Human-Caused,H,,1.0,,2016.0
138,2990007.0,SIT_FSTAT_CATEGORY,Lightning/Natural-Caused,L,,2.0,,2016.0
139,2990008.0,SIT_FSTAT_CATEGORY,Prescribed,RX,,3.0,,2016.0
140,2990009.0,PRINCIPAL_MERIDIAN,Black Hills,07,,7.0,,2016.0
141,2990010.0,PRINCIPAL_MERIDIAN,Boise,08,,8.0,,2016.0
142,2990011.0,PRINCIPAL_MERIDIAN,Chickasaw,09,,9.0,,2016.0
143,2990012.0,PRINCIPAL_MERIDIAN,Choctaw,10,,10.0,,2016.0
144,2990013.0,PRINCIPAL_MERIDIAN,Cimarron,11,,11.0,,2016.0
145,2990014.0,PRINCIPAL_MERIDIAN,Copper River,12,,12.0,,2016.0
146,2990015.0,PRINCIPAL_MERIDIAN,Fairbanks,13,,13.0,,2016.0
147,2990016.0,PRINCIPAL_MERIDIAN,Fifth Principal,,,8.0,,2016.0
148,2990017.0,PRINCIPAL_MERIDIAN,First Principal,,,9.0,,2016.0
149,2990018.0,PRINCIPAL_MERIDIAN,Fourth Principal,,,10.0,,2016.0
150,2990019.0,PRINCIPAL_MERIDIAN,Gila and Salt River,14,,14.0,,2016.0
151,2990020.0,PRINCIPAL_MERIDIAN,Humboldt,15,,15.0,,2016.0
152,2990021.0,PRINCIPAL_MERIDIAN,Huntsville,16,,16.0,,2016.0
153,2990022.0,PRINCIPAL_MERIDIAN,Indian,17,,17.0,,2016.0
154,2990023.0,PRINCIPAL_MERIDIAN,Kateel River,44,,44.0,,2016.0
155,2990024.0,PRINCIPAL_MERIDIAN,Louisiana,18,,18.0,,2016.0
156,2990025.0,PRINCIPAL_MERIDIAN,Michigan,19,,19.0,,2016.0
157,2990026.0,PRINCIPAL_MERIDIAN,Mount Diablo,,,19.0,,2016.0
158,2990027.0,PRINCIPAL_MERIDIAN,Navajo,22,,22.0,,2016.0
159,2990028.0,PRINCIPAL_MERIDIAN,New Mexico Principal,,,21.0,,2016.0
160,2990029.0,IRWIN_RESOURCE_TYPE,Heavy (Type 1),,Heavy (Type 1),2.0,,2016.0
161,2990030.0,IRWIN_RESOURCE_TYPE,Medium (Type 2),,Medium (Type 2),3.0,,2016.0
162,2990031.0,IRWIN_RESOURCE_TYPE,Light (Type 3),,Light (Type 3),4.0,,2016.0
163,2990032.0,IRWIN_RESOURCE_TYPE,VLAT,,VLAT,5.0,,2016.0
164,2990033.0,IRWIN_RESOURCE_TYPE,Fire,,Fire,6.0,,2016.0
165,2990034.0,IRWIN_RESOURCE_TYPE,"Handcrew, Type 1",,"Handcrew, Type 1",7.0,,2016.0
166,2990035.0,IRWIN_RESOURCE_TYPE,"Handcrew, Type 2",,"Handcrew, Type 2",8.0,,2016.0
167,2990036.0,IRWIN_RESOURCE_TYPE,"Handcrew, Type 2/IA",,"Handcrew, Type 2/IA",9.0,,2016.0
168,2990037.0,IRWIN_RESOURCE_TYPE,All Types,,All Types,10.0,,2016.0
169,2990038.0,IRWIN_RESOURCE_TYPE,"Engine, Type 1",,"Engine, Type 1",11.0,,2016.0
170,2990039.0,PRINCIPAL_MERIDIAN,Principal,20,,20.0,,2016.0
171,2990040.0,PRINCIPAL_MERIDIAN,Salt Lake,26,,26.0,,2016.0
172,2990041.0,PRINCIPAL_MERIDIAN,San Bernardino,27,,27.0,,2016.0
173,2990042.0,PRINCIPAL_MERIDIAN,Second Principal,,,25.0,,2016.0
174,2990043.0,PRINCIPAL_MERIDIAN,Seward,28,,28.0,,2016.0
175,2990044.0,PRINCIPAL_MERIDIAN,Sixth Principal,,,27.0,,2016.0
176,2990045.0,PRINCIPAL_MERIDIAN,St. Helena,24,,24.0,,2016.0
177,2990046.0,PRINCIPAL_MERIDIAN,St. Stephens,25,,25.0,,2016.0
178,2990047.0,PRINCIPAL_MERIDIAN,Tallahassee,29,,29.0,,2016.0
179,2990048.0,PRINCIPAL_MERIDIAN,Third Principal,,,31.0,,2016.0
180,2990049.0,PRINCIPAL_MERIDIAN,Uintah,30,,30.0,,2016.0
181,2990050.0,PRINCIPAL_MERIDIAN,Umiat,45,,45.0,,2016.0
182,2990051.0,PRINCIPAL_MERIDIAN,Ute,31,,31.0,,2016.0
183,2990052.0,PRINCIPAL_MERIDIAN,Washington,32,,32.0,,2016.0
184,2990053.0,PRINCIPAL_MERIDIAN,Willamette,33,,33.0,,2016.0
185,2990054.0,PRINCIPAL_MERIDIAN,Wind River,34,,34.0,,2016.0
186,2990055.0,AREA_UOM,Acres,ACRES,,1.0,,2016.0
187,2990056.0,AREA_UOM,Hectares,HECTARES,,2.0,,2016.0
188,2990057.0,AREA_UOM,Square Kilometers,SQ KM,,3.0,,2016.0
189,2990058.0,AREA_UOM,Square Miles,SQ MILES,,4.0,,2016.0
190,2990059.0,AR,Acres,ACRES,,1.0,,2016.0
191,2990060.0,AR,Square Miles,SQ MILES,,2.0,,2016.0
192,2990061.0,AR,Hectares,HECTARES,,3.0,,2016.0
193,2990062.0,AR,Square Kilometers,SQ KM,,4.0,,2016.0
194,2990063.0,CA,Human,H,,1.0,,2016.0
195,2990064.0,CA,Lightning/Natural,L,,2.0,,2016.0
196,2990065.0,CA,Other,O,,3.0,,2016.0
197,2990066.0,CA,Unknown,U,,4.0,,2016.0
198,2990067.0,FM,1 Short grass (1 Foot),1,,1.0,,2016.0
199,2990068.0,FM,2 Timber (grass and understory),2,,2.0,,2016.0
200,2990069.0,FM,3 Tall Grass (2.5 Feet),3,,3.0,,2016.0
201,2990070.0,FM,4 Chaparral (6 Feet),4,,4.0,,2016.0
202,2990071.0,FM,5 Brush (2 Feet),5,,5.0,,2016.0
203,2990072.0,FM,"6 Dormant Brush, Hardwood Slash",6,,6.0,,2016.0
204,2990073.0,FM,7 Southern Rough,7,,7.0,,2016.0
205,2990074.0,FM,8 Closed Timber Litter,8,,8.0,,2016.0
206,2990075.0,FM,9 Hardwood Litter,9,,9.0,,2016.0
207,2990076.0,FM,10 Timber (litter and understory),10,,10.0,,2016.0
208,2990077.0,FM,11 Light Logging Slash,11,,11.0,,2016.0
209,2990078.0,FM,12 Medium Logging Slash,12,,12.0,,2016.0
210,2990079.0,FM,Heavy Logging Slash,13,,13.0,,2016.0
211,2990080.0,TT,Type 1 Team,1,,1.0,,2016.0
212,2990081.0,TT,Type 2 Team,2,,3.0,,2016.0
213,2990082.0,TT,Type 3 Team,3,,5.0,,2016.0
214,2990083.0,TT,Type 3 IC,4,,6.0,,2016.0
215,2990084.0,TT,Type 4 IC,5,,7.0,,2016.0
216,2990085.0,TT,Type 5 IC,6,,8.0,,2016.0
217,2990086.0,TT,Area Command,C,,9.0,,2016.0
218,2990087.0,RESOURCE_TYPE,ALS Ambulance,AMBL,ALS Ambulance,130.0,,2016.0
219,2990088.0,RESOURCE_TYPE,Decontamination Unit,DECON,Decontamination Unit,150.0,,2016.0
220,2990089.0,RESOURCE_TYPE,Dozer,DOZR,Dozer,140.0,,2016.0
221,2990090.0,RESOURCE_TYPE,"Engine, Type 1",ENG1,"Engine, Type 1",70.0,,2016.0
222,2990091.0,RESOURCE_TYPE,"Engine, Type 2",ENG2,"Engine, Type 2",80.0,,2016.0
223,2990092.0,RESOURCE_TYPE,"Engine, Type 3",ENG3,"Engine, Type 3",90.0,,2016.0
224,2990093.0,RESOURCE_TYPE,"Engine, Type 4",ENG4,"Engine, Type 4",100.0,,2016.0
225,2990094.0,RESOURCE_TYPE,"Engine, Type 5",ENG5,"Engine, Type 5",110.0,,2016.0
226,2990095.0,RESOURCE_TYPE,"Engine, Type 6",ENG6,"Engine, Type 6",120.0,,2016.0
227,2990096.0,RESOURCE_TYPE,"Fixed Wing, Recon",FWRE,"Fixed Wing, Recon",160.0,,2016.0
228,2990097.0,RESOURCE_TYPE,Food Dispensing Unit,FDU,Food Dispensing Unit,190.0,,2016.0
229,2990098.0,RESOURCE_TYPE,"Crew, Type 1",CR1,"Crew, Type 1",10.0,,2016.0
230,2990099.0,RESOURCE_TYPE,"Crew, Type 2",CR2,"Crew, Type 2",20.0,,2016.0
231,2990100.0,RESOURCE_TYPE,"Crew, Type 2IA",CR2IA,"Crew, Type 2IA",30.0,,2016.0
232,2990101.0,RESOURCE_TYPE,"Helicopter, Type 1",HEL1,"Helicopter, Type 1",40.0,,2016.0
233,2990102.0,RESOURCE_TYPE,"Helicopter, Type 2",HEL2,"Helicopter, Type 2",50.0,,2016.0
234,2990103.0,RESOURCE_TYPE,"Helicopter, Type 3",HEL3,"Helicopter, Type 3",60.0,,2016.0
235,2990104.0,RESOURCE_TYPE,"Laundry, Mobile",MLAU,"Laundry, Mobile",210.0,,2016.0
236,2990105.0,RESOURCE_TYPE,GIS Unit,GISU,GIS Unit,230.0,,2016.0
237,2990106.0,RESOURCE_TYPE,Mobile Coroner Unit,MCU,Mobile Coroner Unit,170.0,,2016.0
238,2990107.0,RESOURCE_TYPE,Mobile Communications Center,MCC,Mobile Communications Center,180.0,,2016.0
239,2990108.0,RESOURCE_TYPE,"Boat, Rescue",RB,"Boat, Rescue",200.0,,2016.0
240,2990109.0,RESOURCE_TYPE,Rescue Unit,RSQU,Rescue Unit,220.0,,2016.0
241,2990110.0,RESOURCE_TYPE,"Shower, Mobile",MSHWR,"Shower, Mobile",240.0,,2016.0
242,2990111.0,RESOURCE_TYPE,Urban SAR Team,USAR,Urban SAR Team,250.0,,2016.0
243,2990112.0,RESOURCE_TYPE,"Tender, Water (Tactical)",WTDT,"Tender, Water (Tactical)",260.0,,2016.0
244,2990113.0,WORLD_TIME_ZONE,US/Alaska,,US/Alaska,10.0,,2016.0
245,2990114.0,RESOURCE_TYPE,Overhead,OVH,Overhead,9999.0,,2016.0
246,2990115.0,UTM_ZONE,UTM Zone 01,01,Zone Range: 180W - 174W      Central Meridian: 177W,1.0,,2016.0
247,2990116.0,UTM_ZONE,UTM Zone 02,02,Zone Range: 174W - 168W      Central Meridian: 171W,2.0,,2016.0
248,2990117.0,UTM_ZONE,UTM Zone 03,03,Zone Range: 168W - 162W      Central Meridian: 165W,3.0,,2016.0
249,2990118.0,UTM_ZONE,UTM Zone 04,04,Zone Range: 162W - 156W      Central Meridian: 159W,4.0,,2016.0
250,2990119.0,UTM_ZONE,UTM Zone 05,05,Zone Range: 156W - 150W      Central Meridian: 153W,5.0,,2016.0
251,2990120.0,UTM_ZONE,UTM Zone 06,06,Zone Range: 150W - 144W      Central Meridian: 147W,6.0,,2016.0
252,2990121.0,UTM_ZONE,UTM Zone 07,07,Zone Range: 144W - 138W      Central Meridian: 141W,7.0,,2016.0
253,2990122.0,UTM_ZONE,UTM Zone 08,08,Zone Range: 138W - 132W      Central Meridian: 135W,8.0,,2016.0
254,2990123.0,UTM_ZONE,UTM Zone 09,09,Zone Range: 132W - 126W      Central Meridian: 129W,9.0,,2016.0
255,2990124.0,UTM_ZONE,UTM Zone 10,10,Zone Range: 126W - 120W      Central Meridian: 123W,10.0,,2016.0
256,2990125.0,INCIDENT_TYPE,Wildfire,WF,,1.0,,2016.0
257,2990126.0,INCIDENT_TYPE,Chemical Disaster,CD,,2.0,,2016.0
258,2990127.0,INCIDENT_TYPE,Dam Failure,DF,,3.0,,2016.0
259,2990128.0,INCIDENT_TYPE,Biological Outbreak,BO,,4.0,,2016.0
260,2990129.0,INCIDENT_TYPE,Earthquake,EQ,,5.0,,2016.0
261,2990130.0,INCIDENT_TYPE,Flood,FL,,6.0,,2016.0
262,2990131.0,INCIDENT_TYPE,Foreign Disaster Assistance,FDA,,7.0,,2016.0
263,2990132.0,INCIDENT_TYPE,Hazardous Materials,HAZMAT,,8.0,,2016.0
264,2990133.0,INCIDENT_TYPE,Heat Event,HEAT,,9.0,,2016.0
265,2990134.0,INCIDENT_TYPE,Hurricane,HURR,,10.0,,2016.0
266,2990135.0,INCIDENT_TYPE,Mass Earth Movement / Avalanche,MEM/A,,11.0,,2016.0
267,2990136.0,INCIDENT_TYPE,Nuclear Emergency,NE,,12.0,,2016.0
268,2990137.0,INCIDENT_TYPE,Civil Unrest / People Gathering,CU/PG,,13.0,,2016.0
269,2990138.0,INCIDENT_TYPE,Search and Rescue / Recovery,SR/R,,14.0,,2016.0
270,2990139.0,INCIDENT_TYPE,Terrorism,TR,,15.0,,2016.0
271,2990140.0,INCIDENT_TYPE,Thunderstorm,TH,,1.0,,2016.0
272,2990141.0,INCIDENT_TYPE,Tornado,TO,,16.0,,2016.0
273,2990142.0,INCIDENT_TYPE,Tsunami,TS,,17.0,,2016.0
274,2990143.0,INCIDENT_TYPE,Volcanic Eruption,VE,,18.0,,2016.0
275,2990144.0,INCIDENT_TYPE,Winter Storm,WS,,19.0,,2016.0
276,2990145.0,TT,NIMO,N,,12.0,,2016.0
277,2990146.0,INCIDENT_TYPE,Other,OT,,19.0,,2016.0
278,2990147.0,FIRE_SUPPRESSION_STRATEGY,Monitor,M,,1.0,,2016.0
279,2990148.0,FIRE_SUPPRESSION_STRATEGY,Confine,C,,2.0,,2016.0
280,2990149.0,FIRE_SUPPRESSION_STRATEGY,Point Zone Protection,PZP,,3.0,,2016.0
281,2990150.0,RESOURCE_TYPE,Aerial Apparatus,AEAP,Aerial Apparatus,1001.0,,2016.0
282,2990151.0,RESOURCE_TYPE,Rescue/Medical Unit,RMDU,Rescue/Medical Unit,222.0,,2016.0
283,2990152.0,RESOURCE_TYPE,Heavy Rescue Unit,HRU,Heavy Rescue Unit,221.0,,2016.0
284,2990153.0,FIRE_SUPPRESSION_STRATEGY,Full Suppression,FS,,7.0,,2016.0
285,2990154.0,STRUCTURE_SUMMARY_TYPE,Multiple Residences,MR,,2.0,,2016.0
286,2990155.0,STRUCTURE_SUMMARY_TYPE,Mixed Commercial / Residential,MC/R,,3.0,,2016.0
287,2990156.0,STRUCTURE_SUMMARY_TYPE,Nonresidential Commercial Property,NRC,,4.0,,2016.0
288,2990157.0,STRUCTURE_SUMMARY_TYPE,Other Minor Structures,OTH,,5.0,,2016.0
289,2990158.0,NORTH_AMERICAN_TIME_ZONE,US/Central,CST/CDT,US/Central (CST/CDT),2.0,,2016.0
290,2990159.0,NORTH_AMERICAN_TIME_ZONE,US/Mountain,MST/MDT,US/Mountain (MST/MDT),3.0,,2016.0
291,2990160.0,NORTH_AMERICAN_TIME_ZONE,US/Pacific,PST/PDT,US/Pacific (PST/PDT),4.0,,2016.0
292,2990161.0,NORTH_AMERICAN_TIME_ZONE,US/Alaska,AKST/AKDT,US/Alaska (AKST/AKDT),5.0,,2016.0
293,2990162.0,NORTH_AMERICAN_TIME_ZONE,US/Aleutian,HAST/HADT,US/Aleutian (HAST/HADT),6.0,,2016.0
294,2990163.0,NORTH_AMERICAN_TIME_ZONE,US/Hawaii,HST/HDT,US/Hawaii (HST/HDT),7.0,,2016.0
295,2990164.0,CASUALTY_ILLNESS_TYPE,Fatalities,F,,1.0,,2016.0
296,2990165.0,CASUALTY_ILLNESS_TYPE,With Injuries/Illness,II,,2.0,,2016.0
297,2990166.0,CASUALTY_ILLNESS_TYPE,Trapped/In Need of Rescue,T/INR,,3.0,,2016.0
298,2990167.0,CASUALTY_ILLNESS_TYPE,Missing,M,,4.0,,2016.0
299,2990168.0,CASUALTY_ILLNESS_TYPE,Evacuated,E,,5.0,,2016.0
300,2990169.0,WORLD_TIME_ZONE,US/Aleutian,,US/Aleutian,20.0,,2016.0
301,2990170.0,WORLD_TIME_ZONE,US/Arizona,,US/Arizona,30.0,,2016.0
302,2990171.0,CASUALTY_ILLNESS_TYPE,Sheltering in Place,SIP,,6.0,,2016.0
303,2990172.0,CASUALTY_ILLNESS_TYPE,In Temporary Shelters,ITS,,7.0,,2016.0
304,2990173.0,CASUALTY_ILLNESS_TYPE,Have Received Mass Immunizations,MI,,8.0,,2016.0
305,2990174.0,CASUALTY_ILLNESS_TYPE,Require Immunizations,RI,,9.0,,2016.0
306,2990175.0,CASUALTY_ILLNESS_TYPE,In Quarantine,IQ,,10.0,,2016.0
307,2990176.0,LIFE_SAFETY_HEALTH_THREAT_TYPE,No Likely Threat,NLT,,1.0,,2016.0
308,2990177.0,LIFE_SAFETY_HEALTH_THREAT_TYPE,Potential Future Threat,PFT,,2.0,,2016.0
309,2990178.0,LIFE_SAFETY_HEALTH_THREAT_TYPE,Mass Notifications in Progress,MNP,,3.0,,2016.0
310,2990179.0,LIFE_SAFETY_HEALTH_THREAT_TYPE,Mass Notifications Completed,MNC,,4.0,,2016.0
311,2990180.0,LIFE_SAFETY_HEALTH_THREAT_TYPE,No Evacuation(s) Imminent,NEI,,5.0,,2016.0
312,2990181.0,LIFE_SAFETY_HEALTH_THREAT_TYPE,Planning for Evacuation,PE,,6.0,,2016.0
313,2990182.0,LIFE_SAFETY_HEALTH_THREAT_TYPE,Planning for Shelter-in-Place,PSIP,,7.0,,2016.0
314,2990183.0,LIFE_SAFETY_HEALTH_THREAT_TYPE,Evacuation(s) in Progress,EP,,8.0,,2016.0
315,2990184.0,LIFE_SAFETY_HEALTH_THREAT_TYPE,Shelter-in-Place in Progress,SIPP,,9.0,,2016.0
316,2990185.0,LIFE_SAFETY_HEALTH_THREAT_TYPE,Repopulation in Progress,RP,,10.0,,2016.0
317,2990186.0,LIFE_SAFETY_HEALTH_THREAT_TYPE,Mass Immunization in Progress,MIP,,11.0,,2016.0
318,2990187.0,LIFE_SAFETY_HEALTH_THREAT_TYPE,Mass Immunization Complete,MIC,,12.0,,2016.0
319,2990188.0,LIFE_SAFETY_HEALTH_THREAT_TYPE,Quarantine in Progress,QP,,13.0,,2016.0
320,2990189.0,LIFE_SAFETY_HEALTH_THREAT_TYPE,Area Restriction in Effect,AR,,14.0,,2016.0
321,2990190.0,STRUCTURE_SUMMARY_TYPE,Single Residences,SR,,1.0,,2016.0
322,2990191.0,NORTH_AMERICAN_TIME_ZONE,US/Samoa,SST,US/Samoa (SST),8.0,,2016.0
323,2990192.0,NORTH_AMERICAN_TIME_ZONE,US/Arizona,MST,US/Arizona (MST),9.0,,2016.0
324,2990193.0,NORTH_AMERICAN_TIME_ZONE,America/Puerto_Rico,AST,America/Puerto_Rico (AST),10.0,,2016.0
325,2990194.0,NORTH_AMERICAN_TIME_ZONE,Canada/Newfoundland,NST/NDT,Canada/Newfoundland (NST/NDT),11.0,,2016.0
326,2990195.0,PRINCIPAL_MERIDIAN,1st Principal Meridian,01,,1.0,,2016.0
327,2990196.0,PRINCIPAL_MERIDIAN,2nd Principal Meridian,02,,2.0,,2016.0
328,2990197.0,PRINCIPAL_MERIDIAN,3rd Principal Meridian,03,,3.0,,2016.0
329,2990198.0,PRINCIPAL_MERIDIAN,4th Principal Meridian,04,,4.0,,2016.0
330,2990199.0,PRINCIPAL_MERIDIAN,5th Principal Meridian,05,,5.0,,2016.0
331,2990200.0,PRINCIPAL_MERIDIAN,6th Principal Meridian,06,,6.0,,2016.0
332,2990201.0,PRINCIPAL_MERIDIAN,Mt. Diablo,21,,21.0,,2016.0
333,2990202.0,PRINCIPAL_MERIDIAN,New Mexico,23,,23.0,,2016.0
334,2990203.0,PRINCIPAL_MERIDIAN,Ohio,35,,35.0,,2016.0
335,2990204.0,PRINCIPAL_MERIDIAN,Great Miami River,36,,36.0,,2016.0
336,2990205.0,PRINCIPAL_MERIDIAN,Muskingum River,37,,37.0,,2016.0
337,2990206.0,PRINCIPAL_MERIDIAN,Ohio River,38,,38.0,,2016.0
338,2990207.0,PRINCIPAL_MERIDIAN,1st Scioto River,39,,39.0,,2016.0
339,2990208.0,PRINCIPAL_MERIDIAN,2nd Scioto River,40,,40.0,,2016.0
340,2990209.0,PRINCIPAL_MERIDIAN,3rd Scioto River,41,,41.0,,2016.0
341,2990210.0,PRINCIPAL_MERIDIAN,Ellicotts Line,42,,42.0,,2016.0
342,2990211.0,PRINCIPAL_MERIDIAN,12 Mile Square,43,,43.0,,2016.0
343,2990212.0,WORLD_TIME_ZONE,US/Central,,US/Central,40.0,,2016.0
344,2990213.0,WORLD_TIME_ZONE,US/East-Indiana,,US/East-Indiana,50.0,,2016.0
345,2990214.0,WORLD_TIME_ZONE,US/Eastern,,US/Eastern,60.0,,2016.0
346,2990215.0,WORLD_TIME_ZONE,US/Hawaii,,US/Hawaii,70.0,,2016.0
347,2990216.0,WORLD_TIME_ZONE,US/Indiana-Starke,,US/Indiana-Starke,80.0,,2016.0
348,2990217.0,WORLD_TIME_ZONE,US/Michigan,,US/Michigan,90.0,,2016.0
349,2990218.0,WORLD_TIME_ZONE,US/Mountain,,US/Mountain,100.0,,2016.0
350,2990219.0,WORLD_TIME_ZONE,US/Pacific,,US/Pacific,110.0,,2016.0
351,2990220.0,WORLD_TIME_ZONE,US/Pacific-New,,US/Pacific-New,120.0,,2016.0
352,2990221.0,WORLD_TIME_ZONE,US/Samoa,,US/Samoa,130.0,,2016.0
353,2990222.0,WORLD_TIME_ZONE,Canada/Atlantic,,Canada/Atlantic,140.0,,2016.0
354,2990223.0,WORLD_TIME_ZONE,Canada/Central,,Canada/Central,150.0,,2016.0
355,2990224.0,WORLD_TIME_ZONE,Canada/East-Saskatchewan,,Canada/East-Saskatchewan,160.0,,2016.0
356,2990225.0,WORLD_TIME_ZONE,Canada/Eastern,,Canada/Eastern,170.0,,2016.0
357,2990226.0,WORLD_TIME_ZONE,Canada/Mountain,,Canada/Mountain,180.0,,2016.0
358,2990227.0,WORLD_TIME_ZONE,Canada/Newfoundland,,Canada/Newfoundland,190.0,,2016.0
359,2990228.0,WORLD_TIME_ZONE,Canada/Pacific,,Canada/Pacific,200.0,,2016.0
360,2990229.0,WORLD_TIME_ZONE,Canada/Saskatchewan,,Canada/Saskatchewan,210.0,,2016.0
361,2990230.0,WORLD_TIME_ZONE,Canada/Yukon,,Canada/Yukon,220.0,,2016.0
362,2990231.0,WORLD_TIME_ZONE,CST6CDT,,CST6CDT,2330.0,,2016.0
363,2990232.0,WORLD_TIME_ZONE,EST5EDT,,EST5EDT,2390.0,,2016.0
364,2990233.0,WORLD_TIME_ZONE,MST7MDT,,MST7MDT,3490.0,,2016.0
365,2990234.0,WORLD_TIME_ZONE,PST8PDT,,PST8PDT,3580.0,,2016.0
366,2990235.0,IRWIN_RESOURCE_TYPE,"Engine, Type 2",,"Engine, Type 2",12.0,,2016.0
367,2990236.0,IRWIN_RESOURCE_TYPE,"Engine, Type 3",,"Engine, Type 3",13.0,,2016.0
368,2990237.0,IRWIN_RESOURCE_TYPE,"Engine, Type 4",,"Engine, Type 4",14.0,,2016.0
369,2990238.0,IRWIN_RESOURCE_TYPE,"Engine, Type 5",,"Engine, Type 5",15.0,,2016.0
370,2990239.0,IRWIN_RESOURCE_TYPE,"Engine, Type 6",,"Engine, Type 6",16.0,,2016.0
371,2990240.0,IRWIN_RESOURCE_TYPE,"Engine, Type 7",,"Engine, Type 7",17.0,,2016.0
372,2990241.0,IRWIN_RESOURCE_TYPE,ASM,,ASM,18.0,,2016.0
373,2990242.0,IRWIN_RESOURCE_TYPE,Air Attack Platform,,Air Attack Platform,19.0,,2016.0
374,2990243.0,IRWIN_RESOURCE_TYPE,Lead Plane,,Lead Plane,20.0,,2016.0
375,2990244.0,IRWIN_RESOURCE_TYPE,Reconnaissance Aircraft,,Reconnaissance Aircraft,21.0,,2016.0
376,2990245.0,IRWIN_RESOURCE_TYPE,"Helicopter, Type 1",,"Helicopter, Type 1",22.0,,2016.0
377,2990246.0,IRWIN_RESOURCE_TYPE,"Helicopter, Type 2",,"Helicopter, Type 2",23.0,,2016.0
378,2990247.0,IRWIN_RESOURCE_TYPE,"Helicopter, Type 3",,"Helicopter, Type 3",24.0,,2016.0
379,2990248.0,IRWIN_RESOURCE_TYPE,Masticator,,Masticator,25.0,,2016.0
380,2990249.0,IRWIN_RESOURCE_TYPE,Individual Single Resource Personnel,,Individual Single Resource Personnel,26.0,,2016.0
381,2990250.0,IRWIN_RESOURCE_TYPE,Skidgine,,Skidgine,27.0,,2016.0
382,2990251.0,IRWIN_RESOURCE_TYPE,Support (All Types),,Support (All Types),28.0,,2016.0
383,2990252.0,IRWIN_RESOURCE_TYPE,Tactical (All Types),,Tactical (All Types),29.0,,2016.0
384,2990253.0,IRWIN_RESOURCE_TYPE,Track Vehicle,,Track Vehicle,30.0,,2016.0
385,2990254.0,IRWIN_RESOURCE_TYPE,"Tractor Plow, Type 1",,"Tractor Plow, Type 1",31.0,,2016.0
386,2990255.0,IRWIN_RESOURCE_TYPE,"Tractor Plow, Type 2",,"Tractor Plow, Type 2",32.0,,2016.0
387,2990256.0,IRWIN_RESOURCE_TYPE,"Tractor Plow, Type 3",,"Tractor Plow, Type 3",33.0,,2016.0
388,2990257.0,IRWIN_RESOURCE_TYPE,"Tractor Plow, Type 4",,"Tractor Plow, Type 4",34.0,,2016.0
389,2990258.0,IRWIN_RESOURCE_CATEGORY,Other,,Other,13.0,,2016.0
390,2990259.0,IRWIN_RESOURCE_TYPE,Aerial Apparatus,,Aerial Apparatus,40.0,,2016.0
391,2990260.0,IRWIN_RESOURCE_TYPE,Air Supply Truck,,Air Supply Truck,41.0,,2016.0
392,2990261.0,IRWIN_RESOURCE_TYPE,Ambulance,,Ambulance,42.0,,2016.0
393,2990262.0,IRWIN_RESOURCE_TYPE,Boat,,Boat,43.0,,2016.0
394,2990263.0,IRWIN_RESOURCE_TYPE,"Canine, Bomb Squad",,"Canine, Bomb Squad",44.0,,2016.0
395,2990264.0,IRWIN_RESOURCE_TYPE,"Canine, Narcotics",,"Canine, Narcotics",45.0,,2016.0
396,2990265.0,IRWIN_RESOURCE_TYPE,"Canine, Police",,"Canine, Police",46.0,,2016.0
397,2990266.0,IRWIN_RESOURCE_TYPE,"Canine, SAR",,"Canine, SAR",47.0,,2016.0
398,2990267.0,IRWIN_RESOURCE_TYPE,Cave Rescue Team,,Cave Rescue Team,48.0,,2016.0
399,2990268.0,IRWIN_RESOURCE_TYPE,Crash Rescue (Aircraft),,Crash Rescue (Aircraft),49.0,,2016.0
400,2990269.0,IRWIN_RESOURCE_TYPE,Decontamination Unit,,Decontamination Unit,50.0,,2016.0
401,2990270.0,IRWIN_RESOURCE_TYPE,Food Dispensing Unit,,Food Dispensing Unit,51.0,,2016.0
402,2990271.0,IRWIN_RESOURCE_TYPE,GIS Unit,,GIS Unit,52.0,,2016.0
403,2990272.0,IRWIN_RESOURCE_TYPE,Hazardous Materials Unit,,Hazardous Materials Unit,53.0,,2016.0
404,2990273.0,IRWIN_RESOURCE_TYPE,Heavy Rescue Unit,,Heavy Rescue Unit,54.0,,2016.0
405,2990274.0,IRWIN_RESOURCE_TYPE,Illumination Unit (Lighting),,Illumination Unit (Lighting),55.0,,2016.0
406,2990275.0,IRWIN_RESOURCE_TYPE,"Laundry, Mobile",,"Laundry, Mobile",56.0,,2016.0
407,2990276.0,IRWIN_RESOURCE_TYPE,Mass Casualty Incident Trailer,,Mass Casualty Incident Trailer,57.0,,2016.0
408,2990277.0,IRWIN_RESOURCE_TYPE,Medic Squad,,Medic Squad,58.0,,2016.0
409,2990278.0,IRWIN_RESOURCE_TYPE,Mine Rescue Team,,Mine Rescue Team,59.0,,2016.0
410,2990279.0,IRWIN_RESOURCE_TYPE,Mobile Communications Center,,Mobile Communications Center,60.0,,2016.0
411,2990280.0,IRWIN_RESOURCE_TYPE,Mobile Coroner Unit,,Mobile Coroner Unit,61.0,,2016.0
412,2990281.0,RESOURCE_TYPE,"Engine, Type 7",ENG7,"Engine, Type 7",121.0,,2016.0
413,2990282.0,RESOURCE_TYPE,"Airtanker, VLAT",VLAT,"Airtanker, VLAT",1060.0,,2016.0
414,2990283.0,RESOURCE_TYPE,"Airtanker, Type 1",AT1,"Airtanker, Type 1",1030.0,,2016.0
415,2990284.0,RESOURCE_TYPE,"Airtanker, Type 2",AT2,"Airtanker, Type 2",1040.0,,2016.0
416,2990285.0,RESOURCE_TYPE,"Airtanker, Type 3",AT3,"Airtanker, Type 3",1050.0,,2016.0
417,2990286.0,RESOURCE_TYPE,Single Engine Airtanker,SEAT,Single Engine Airtanker,1020.0,,2016.0
418,2990287.0,RESOURCE_TYPE,"Boat, Fire",FB,"Boat, Fire",201.0,,2016.0
419,2990288.0,RESOURCE_TYPE,"Boat, Transportation",TB,"Boat, Transportation",202.0,,2016.0
420,2990289.0,RESOURCE_TYPE,"Canine, Narcotics",K9N,"Canine, Narcotics",1080.0,,2016.0
421,2990290.0,RESOURCE_TYPE,"Canine, Police",K9PU,"Canine, Police",1090.0,,2016.0
422,2990291.0,RESOURCE_TYPE,Canine Search Team,K9SAR,Canine Search Team,1100.0,,2016.0
423,2990292.0,RESOURCE_TYPE,Crash Rescue (Aircraft),CFR,Crash Rescue (Aircraft),1120.0,,2016.0
424,2990293.0,RESOURCE_TYPE,"Fixed Wing, Air Tactical",FWAT,"Fixed Wing, Air Tactical",162.0,,2016.0
425,2990294.0,RESOURCE_TYPE,"Fixed Wing, ASM",ASM,"Fixed Wing, ASM",161.0,,2016.0
426,2990295.0,RESOURCE_TYPE,"Fixed Wing, LEAD",LEAD,"Fixed Wing, LEAD",163.0,,2016.0
427,2990296.0,RESOURCE_TYPE,Illumination Unit (Lighting),ILAU,Illumination Unit (Lighting),1140.0,,2016.0
428,2990297.0,RESOURCE_TYPE,Mass Casualty Incident Trailer,MCIT,Mass Casualty Incident Trailer,1150.0,,2016.0
429,2990298.0,RESOURCE_TYPE,Masticator,MAST,Masticator,1160.0,,2016.0
430,2990299.0,RESOURCE_TYPE,Mobile Kitchen Unit,MKU,Mobile Kitchen Unit,181.0,,2016.0
431,2990300.0,RESOURCE_TYPE,Skidgine,SKID,Skidgine,1230.0,,2016.0
432,2990301.0,RESOURCE_TYPE,"Tender, Potable Water",WTDP,"Tender, Potable Water",261.0,,2016.0
433,2990302.0,RESOURCE_TYPE,"Tender, Water (Support)",WTDS,"Tender, Water (Support)",262.0,,2016.0
434,2990303.0,RESOURCE_TYPE,"Transportation, Bus, Coach",BUS,"Transportation, Bus, Coach",1260.0,,2016.0
435,2990304.0,RESOURCE_TYPE,"Truck, Hazmat",HAZTR,"Truck, Hazmat",1270.0,,2016.0
436,2990305.0,RESOURCE_TYPE,Water Purification Plant,WPP,Water Purification Plant,1290.0,,2016.0
437,2990306.0,RESOURCE_TYPE,Water Rescue Team,WRT,Water Rescue Team,1245.0,,2016.0
438,2990307.0,SIT209_REPORT_RESOURCE_GROUP,CREWS,,CREWS,10.0,,2016.0
